{
  "accuracy": 0.7154,
  "error_rate": 0.28459999999999996,
  "macro_recall": 0.7154,
  "macro_precision": 0.7196669092721886
}